{
  "ext_distance": 0.8,
  "ext_azimuth": 120,
  "ext_elevation": -23,
  "ext_lookat_x": 0.0,
  "ext_lookat_y": -0.388,
  "ext_lookat_z": -0.04800000000000004,
  "joint_pos": [
    0.0,
    0.0,
    0.0,
    0.0,
    -0.000220000000000109,
    0.49815999999999994
  ]
}