{
  "ext_distance": 0.8,
  "ext_azimuth": 120,
  "ext_elevation": -23,
  "ext_lookat_x": 0.1359999999999999,
  "ext_lookat_y": 0.04200000000000004,
  "ext_lookat_z": -0.010000000000000009,
  "joint_pos": [
    0.0,
    -0.1995,
    0.07435999999999998,
    0.07635999999999998,
    -1.19992,
    0.49815999999999994
  ]
}